{
  "textures": {
    "particle": "pointers_dimensions_mod:blocks/crimsonforestportal",
    "portal": "pointers_dimensions_mod:blocks/crimsonforestportal"
  },
  "elements": [
    {
      "from": [
        6,
        0,
        0
      ],
      "to": [
        10,
        16,
        16
      ],
      "faces": {
        "east": {
          "uv": [
            0,
            0,
            16,
            16
          ],
          "texture": "#portal"
        },
        "west": {
          "uv": [
            0,
            0,
            16,
            16
          ],
          "texture": "#portal"
        }
      }
    }
  ]
}