{
  "_fv": 24,
  "_type": "achievement",
  "definition": {
    "achievementName": "Crimson Success",
    "achievementDescription": "Leave the crimson dimension",
    "achievementIcon": {
      "value": "CUSTOM:CrimsonDimension"
    },
    "background": "Default",
    "disableDisplay": false,
    "showPopup": true,
    "announceToChat": true,
    "hideIfNotCompleted": false,
    "rewardLoot": [],
    "rewardRecipes": [],
    "rewardFunction": "No function",
    "rewardXP": 0,
    "achievementType": "task",
    "parent": {
      "value": "CUSTOM:CrimsonRedForMiles"
    },
    "triggerxml": "<xml xmlns=\"https://developers.google.com/blockly/xml\"><block type=\"dimension_left\" x=\"24\" y=\"65\"><field name=\"dimension\">CUSTOM:CrimsonDimension</field><next><block type=\"advancement_trigger\" deletable=\"false\"></block></next></block></xml>"
  }
}