{
  "_fv": 24,
  "_type": "armor",
  "definition": {
    "enableHelmet": true,
    "textureHelmet": "crimsonhelmet",
    "enableBody": true,
    "textureBody": "crimsonchestplate",
    "enableLeggings": true,
    "textureLeggings": "crimsonleggings",
    "enableBoots": true,
    "textureBoots": "crimsonboots",
    "creativeTab": {
      "value": "COMBAT"
    },
    "armorTextureFile": "crimsonarmour_",
    "helmetName": "Crimson Helmet",
    "bodyName": "Crimson Chestplate",
    "leggingsName": "Crimson Leggings",
    "bootsName": "Crimson Boots",
    "helmetSpecialInfo": [],
    "bodySpecialInfo": [],
    "leggingsSpecialInfo": [],
    "bootsSpecialInfo": [],
    "helmetModelName": "Default",
    "helmetModelPart": "Helmet",
    "helmetModelTexture": "From armor",
    "bodyModelName": "Default",
    "bodyModelPart": "Body",
    "armsModelPartL": "Arms L",
    "armsModelPartR": "Arms R",
    "bodyModelTexture": "From armor",
    "leggingsModelName": "Default",
    "leggingsModelPartL": "Leggings L",
    "leggingsModelPartR": "Leggings R",
    "leggingsModelTexture": "From armor",
    "bootsModelName": "Default",
    "bootsModelPartL": "Boots L",
    "bootsModelPartR": "Boots R",
    "bootsModelTexture": "From armor",
    "helmetImmuneToFire": false,
    "bodyImmuneToFire": false,
    "leggingsImmuneToFire": false,
    "bootsImmuneToFire": false,
    "maxDamage": 25,
    "damageValueHelmet": 8,
    "damageValueBody": 12,
    "damageValueLeggings": 10,
    "damageValueBoots": 7,
    "enchantability": 24,
    "toughness": 0.2,
    "knockbackResistance": 0.2,
    "equipSound": {
      "value": "item.armor.equip_netherite"
    },
    "repairItems": [
      {
        "value": "CUSTOM:CrimsonIngot"
      }
    ]
  }
}