{
  "_fv": 24,
  "_type": "tool",
  "definition": {
    "renderType": 0,
    "texture": "crimsonshovel",
    "customModelName": "Normal",
    "name": "Crimson Shovel",
    "specialInfo": [],
    "creativeTab": {
      "value": "TOOLS"
    },
    "toolType": "Spade",
    "harvestLevel": 5,
    "efficiency": 7.0,
    "attackSpeed": 2.7,
    "enchantability": 2,
    "damageVsEntity": 3.5,
    "usageCount": 2531,
    "blocksAffected": [],
    "hasGlow": false,
    "repairItems": [
      {
        "value": "CUSTOM:CrimsonIngot"
      }
    ],
    "immuneToFire": true,
    "stayInGridWhenCrafting": false,
    "damageOnCrafting": false
  }
}