{
  "_fv": 24,
  "_type": "achievement",
  "definition": {
    "achievementName": "Crimson Red For Miles",
    "achievementDescription": "Enter the crimson forest.",
    "achievementIcon": {
      "value": "CUSTOM:CrimsonDimension"
    },
    "background": "Default",
    "disableDisplay": false,
    "showPopup": true,
    "announceToChat": true,
    "hideIfNotCompleted": false,
    "rewardLoot": [],
    "rewardRecipes": [],
    "rewardFunction": "No function",
    "rewardXP": 0,
    "achievementType": "task",
    "parent": {
      "value": "No parent: root"
    },
    "triggerxml": "<xml xmlns=\"https://developers.google.com/blockly/xml\"><block type=\"dimension_entered\" x=\"42\" y=\"48\"><field name=\"dimension\">CUSTOM:CrimsonDimension</field><next><block type=\"advancement_trigger\" deletable=\"false\"></block></next></block></xml>"
  }
}