{
  "_fv": 24,
  "_type": "recipe",
  "definition": {
    "recipeType": "Smithing",
    "xpReward": 0.0,
    "cookingTime": 200,
    "recipeRetstackSize": 1,
    "group": "",
    "recipeShapeless": false,
    "smithingInputStack": {
      "value": "Items.NETHERITE_CHESTPLATE"
    },
    "smithingInputAdditionStack": {
      "value": "CUSTOM:CrimsonIngot"
    },
    "smithingReturnStack": {
      "value": "CUSTOM:CrimsonArmour.body"
    },
    "name": "crimson_chestplate_recipe",
    "namespace": "mod"
  }
}