{
  "display": {
    "icon": {
      "item": "pointers_dimensions_mod:crimson_dimension"
    },
    "title": {
      "translate": "advancements.crimson_success.title"
    },
    "description": {
      "translate": "advancements.crimson_success.descr"
    },
    "frame": "task",
    "show_toast": true,
    "announce_to_chat": true,
    "hidden": false
  },
  "criteria": {
    "crimson_success": {
      "trigger": "minecraft:changed_dimension",
      "conditions": {
        "from": "pointers_dimensions_mod:crimson_dimension"
      }
    }
  },
  "parent": "pointers_dimensions_mod:crimson_red_for_miles"
}