{
  "display": {
    "background": "minecraft:textures/block/stone.png",
    "icon": {
      "item": "pointers_dimensions_mod:crimson_dimension"
    },
    "title": {
      "translate": "advancements.crimson_red_for_miles.title"
    },
    "description": {
      "translate": "advancements.crimson_red_for_miles.descr"
    },
    "frame": "task",
    "show_toast": true,
    "announce_to_chat": true,
    "hidden": false
  },
  "criteria": {
    "crimson_red_for_miles": {
      "trigger": "minecraft:changed_dimension",
      "conditions": {
        "to": "pointers_dimensions_mod:crimson_dimension"
      }
    }
  }
}