{
  "display": {
    "icon": {
      "item": "pointers_dimensions_mod:crimson_ore_actually_not_block"
    },
    "title": {
      "translate": "advancements.red_nugget.title"
    },
    "description": {
      "translate": "advancements.red_nugget.descr"
    },
    "frame": "task",
    "show_toast": true,
    "announce_to_chat": true,
    "hidden": false
  },
  "criteria": {
    "red_nugget": {
      "trigger": "minecraft:inventory_changed",
      "conditions": {
        "items": [
          {
            "items": [
              "pointers_dimensions_mod:crimson_ore_actually_not_block"
            ],
            "count": {
              "min": 1,
              "max": 1
            }
          }
        ]
      }
    }
  },
  "parent": "pointers_dimensions_mod:useless"
}