{
  "display": {
    "background": "minecraft:textures/block/stone.png",
    "icon": {
      "item": "pointers_dimensions_mod:crimson_remains"
    },
    "title": {
      "translate": "advancements.useless.title"
    },
    "description": {
      "translate": "advancements.useless.descr"
    },
    "frame": "task",
    "show_toast": true,
    "announce_to_chat": true,
    "hidden": false
  },
  "criteria": {
    "useless": {
      "trigger": "minecraft:inventory_changed",
      "conditions": {
        "items": [
          {
            "items": [
              "pointers_dimensions_mod:crimson_remains"
            ],
            "count": {
              "min": 1,
              "max": 1
            }
          }
        ]
      }
    }
  }
}